-- Auto-generated seed data for Moonyam pantry app
-- Generated on 2025-11-10 20:39:19
PRAGMA foreign_keys = OFF;
BEGIN TRANSACTION;
DELETE FROM CookHistory;
DELETE FROM MealPlans;
DELETE FROM RecipeIngredients;
DELETE FROM Recipes;
DELETE FROM ShoppingItems;
DELETE FROM Inventory;
DELETE FROM Ingredients;

INSERT INTO Ingredients (id, name, default_unit, category) VALUES
    (1, 'Roma Tomato', 'pcs', 'Produce'),
    (2, 'Cherry Tomato', 'pcs', 'Produce'),
    (3, 'Heirloom Tomato', 'pcs', 'Produce'),
    (4, 'English Cucumber', 'pcs', 'Produce'),
    (5, 'Persian Cucumber', 'pcs', 'Produce'),
    (6, 'Kirby Cucumber', 'pcs', 'Produce'),
    (7, 'Red Onion', 'pcs', 'Produce'),
    (8, 'Yellow Onion', 'pcs', 'Produce'),
    (9, 'White Onion', 'pcs', 'Produce'),
    (10, 'Sweet Onion', 'pcs', 'Produce'),
    (11, 'Baby Spinach', 'g', 'Produce'),
    (12, 'Kale Leaves', 'g', 'Produce'),
    (13, 'Arugula', 'g', 'Produce'),
    (14, 'Butter Lettuce', 'pcs', 'Produce'),
    (15, 'Iceberg Lettuce', 'pcs', 'Produce'),
    (16, 'Romaine Lettuce', 'pcs', 'Produce'),
    (17, 'Carrot', 'pcs', 'Produce'),
    (18, 'Baby Carrot', 'g', 'Produce'),
    (19, 'Russet Potato', 'pcs', 'Produce'),
    (20, 'Yukon Gold Potato', 'pcs', 'Produce'),
    (21, 'Sweet Potato', 'pcs', 'Produce'),
    (22, 'Fingerling Potato', 'pcs', 'Produce'),
    (23, 'Broccoli Florets', 'g', 'Produce'),
    (24, 'Cauliflower Florets', 'g', 'Produce'),
    (25, 'Red Bell Pepper', 'pcs', 'Produce'),
    (26, 'Green Bell Pepper', 'pcs', 'Produce'),
    (27, 'Yellow Bell Pepper', 'pcs', 'Produce'),
    (28, 'Orange Bell Pepper', 'pcs', 'Produce'),
    (29, 'Zucchini', 'pcs', 'Produce'),
    (30, 'Yellow Squash', 'pcs', 'Produce'),
    (31, 'Eggplant', 'pcs', 'Produce'),
    (32, 'Butternut Squash', 'pcs', 'Produce'),
    (33, 'Acorn Squash', 'pcs', 'Produce'),
    (34, 'Jalapeno', 'pcs', 'Produce'),
    (35, 'Serrano Pepper', 'pcs', 'Produce'),
    (36, 'Poblano Pepper', 'pcs', 'Produce'),
    (37, 'Fresno Chili', 'pcs', 'Produce'),
    (38, 'Portobello Mushroom', 'pcs', 'Produce'),
    (39, 'Cremini Mushroom', 'pcs', 'Produce'),
    (40, 'Shiitake Mushroom', 'pcs', 'Produce'),
    (41, 'Garlic Bulb', 'pcs', 'Produce'),
    (42, 'Shallot', 'pcs', 'Produce'),
    (43, 'Ginger Root', 'g', 'Produce'),
    (44, 'Avocado', 'pcs', 'Produce'),
    (45, 'Green Beans', 'g', 'Produce'),
    (46, 'Asparagus Spears', 'g', 'Produce'),
    (47, 'Brussels Sprouts', 'g', 'Produce'),
    (48, 'Leek', 'pcs', 'Produce'),
    (49, 'Fresh Basil', 'g', 'Produce'),
    (50, 'Fresh Cilantro', 'g', 'Produce'),
    (51, 'Fresh Parsley', 'g', 'Produce'),
    (52, 'Fresh Mint', 'g', 'Produce'),
    (53, 'Fresh Dill', 'g', 'Produce'),
    (54, 'Fresh Rosemary', 'g', 'Produce'),
    (55, 'Fresh Thyme', 'g', 'Produce'),
    (56, 'Fresh Sage', 'g', 'Produce'),
    (57, 'Green Onion', 'pcs', 'Produce'),
    (58, 'Celery', 'pcs', 'Produce'),
    (59, 'Lemon', 'pcs', 'Produce'),
    (60, 'Lime', 'pcs', 'Produce'),
    (61, 'Orange', 'pcs', 'Produce'),
    (62, 'Grapefruit', 'pcs', 'Produce'),
    (63, 'Granny Smith Apple', 'pcs', 'Produce'),
    (64, 'Honeycrisp Apple', 'pcs', 'Produce'),
    (65, 'Banana', 'pcs', 'Produce'),
    (66, 'Pear', 'pcs', 'Produce'),
    (67, 'Strawberries', 'g', 'Produce'),
    (68, 'Blueberries', 'g', 'Produce'),
    (69, 'Blackberries', 'g', 'Produce'),
    (70, 'Raspberries', 'g', 'Produce'),
    (71, 'Mango', 'pcs', 'Produce'),
    (72, 'Pineapple', 'pcs', 'Produce'),
    (73, 'Watermelon', 'pcs', 'Produce'),
    (74, 'Cantaloupe', 'pcs', 'Produce'),
    (75, 'Kiwi', 'pcs', 'Produce'),
    (76, 'Navel Orange', 'pcs', 'Produce'),
    (77, 'Coconut', 'pcs', 'Produce'),
    (78, 'Fresh Turmeric', 'g', 'Produce'),
    (79, 'Green Cabbage', 'pcs', 'Produce'),
    (80, 'Red Cabbage', 'pcs', 'Produce'),
    (81, 'Bok Choy', 'pcs', 'Produce'),
    (82, 'Snow Peas', 'g', 'Produce'),
    (83, 'Sugar Snap Peas', 'g', 'Produce'),
    (84, 'Radish', 'pcs', 'Produce'),
    (85, 'Beetroot', 'pcs', 'Produce'),
    (86, 'Turnip', 'pcs', 'Produce'),
    (87, 'Daikon', 'pcs', 'Produce'),
    (88, 'Plantain', 'pcs', 'Produce'),
    (89, 'Passion Fruit', 'pcs', 'Produce'),
    (90, 'Dragon Fruit', 'pcs', 'Produce'),
    (91, 'Starfruit', 'pcs', 'Produce'),
    (92, 'Papaya', 'pcs', 'Produce'),
    (93, 'Pomegranate', 'pcs', 'Produce'),
    (94, 'Apricot', 'pcs', 'Produce'),
    (95, 'Plum', 'pcs', 'Produce'),
    (96, 'Peach', 'pcs', 'Produce'),
    (97, 'Nectarine', 'pcs', 'Produce'),
    (98, 'Cherries', 'g', 'Produce'),
    (99, 'Cranberries', 'g', 'Produce'),
    (100, 'Whole Milk', 'ml', 'Dairy & Eggs'),
    (101, 'Skim Milk', 'ml', 'Dairy & Eggs'),
    (102, 'Almond Milk', 'ml', 'Dairy & Eggs'),
    (103, 'Oat Milk', 'ml', 'Dairy & Eggs'),
    (104, 'Heavy Cream', 'ml', 'Dairy & Eggs'),
    (105, 'Half and Half', 'ml', 'Dairy & Eggs'),
    (106, 'Greek Yogurt', 'g', 'Dairy & Eggs'),
    (107, 'Plain Yogurt', 'g', 'Dairy & Eggs'),
    (108, 'Vanilla Yogurt', 'g', 'Dairy & Eggs'),
    (109, 'Sour Cream', 'g', 'Dairy & Eggs'),
    (110, 'Cottage Cheese', 'g', 'Dairy & Eggs'),
    (111, 'Cheddar Cheese', 'g', 'Dairy & Eggs'),
    (112, 'Mozzarella Cheese', 'g', 'Dairy & Eggs'),
    (113, 'Parmesan Cheese', 'g', 'Dairy & Eggs'),
    (114, 'Feta Cheese', 'g', 'Dairy & Eggs'),
    (115, 'Goat Cheese', 'g', 'Dairy & Eggs'),
    (116, 'Ricotta Cheese', 'g', 'Dairy & Eggs'),
    (117, 'Cream Cheese', 'g', 'Dairy & Eggs'),
    (118, 'Mascarpone Cheese', 'g', 'Dairy & Eggs'),
    (119, 'Butter Unsalted', 'g', 'Dairy & Eggs'),
    (120, 'Butter Salted', 'g', 'Dairy & Eggs'),
    (121, 'Ghee', 'g', 'Dairy & Eggs'),
    (122, 'Large Eggs', 'pcs', 'Dairy & Eggs'),
    (123, 'Pastured Eggs', 'pcs', 'Dairy & Eggs'),
    (124, 'Egg Whites', 'ml', 'Dairy & Eggs'),
    (125, 'Egg Yolks', 'pcs', 'Dairy & Eggs'),
    (126, 'Buttermilk', 'ml', 'Dairy & Eggs'),
    (127, 'Chicken Breast', 'g', 'Proteins'),
    (128, 'Chicken Thigh', 'g', 'Proteins'),
    (129, 'Ground Chicken', 'g', 'Proteins'),
    (130, 'Ground Turkey', 'g', 'Proteins'),
    (131, 'Ground Beef 80-20', 'g', 'Proteins'),
    (132, 'Ground Beef 90-10', 'g', 'Proteins'),
    (133, 'Sirloin Steak', 'g', 'Proteins'),
    (134, 'Pork Chops', 'g', 'Proteins'),
    (135, 'Pork Tenderloin', 'g', 'Proteins'),
    (136, 'Bacon Strips', 'g', 'Proteins'),
    (137, 'Prosciutto', 'g', 'Proteins'),
    (138, 'Smoked Salmon', 'g', 'Proteins'),
    (139, 'Cod Fillet', 'g', 'Proteins'),
    (140, 'Salmon Fillet', 'g', 'Proteins'),
    (141, 'Shrimp Large', 'g', 'Proteins'),
    (142, 'Scallops', 'g', 'Proteins'),
    (143, 'Tofu Firm', 'g', 'Proteins'),
    (144, 'Tofu Extra Firm', 'g', 'Proteins'),
    (145, 'Tempeh', 'g', 'Proteins'),
    (146, 'Black Beans Dried', 'g', 'Proteins'),
    (147, 'Chickpeas Dried', 'g', 'Proteins'),
    (148, 'Lentils Green', 'g', 'Proteins'),
    (149, 'Lentils Red', 'g', 'Proteins'),
    (150, 'Cannellini Beans Dry', 'g', 'Proteins'),
    (151, 'Kidney Beans Dry', 'g', 'Proteins'),
    (152, 'Edamame Shelled', 'g', 'Proteins'),
    (153, 'Quinoa Raw', 'g', 'Proteins'),
    (154, 'Seitan', 'g', 'Proteins'),
    (155, 'Turkey Sausage', 'g', 'Proteins'),
    (156, 'Italian Sausage', 'g', 'Proteins'),
    (157, 'Chorizo', 'g', 'Proteins'),
    (158, 'Ham Slices', 'g', 'Proteins'),
    (159, 'Salami', 'g', 'Proteins'),
    (160, 'All-Purpose Flour', 'g', 'Pantry Staples'),
    (161, 'Whole Wheat Flour', 'g', 'Pantry Staples'),
    (162, 'Bread Flour', 'g', 'Pantry Staples'),
    (163, 'Almond Flour', 'g', 'Pantry Staples'),
    (164, 'Cornmeal', 'g', 'Pantry Staples'),
    (165, 'White Sugar', 'g', 'Pantry Staples'),
    (166, 'Brown Sugar', 'g', 'Pantry Staples'),
    (167, 'Powdered Sugar', 'g', 'Pantry Staples'),
    (168, 'Baking Powder', 'g', 'Pantry Staples'),
    (169, 'Baking Soda', 'g', 'Pantry Staples'),
    (170, 'Active Dry Yeast', 'g', 'Pantry Staples'),
    (171, 'Instant Yeast', 'g', 'Pantry Staples'),
    (172, 'Panko Breadcrumbs', 'g', 'Pantry Staples'),
    (173, 'Italian Breadcrumbs', 'g', 'Pantry Staples'),
    (174, 'Rolled Oats', 'g', 'Pantry Staples'),
    (175, 'Steel-Cut Oats', 'g', 'Pantry Staples'),
    (176, 'Old-Fashioned Oats', 'g', 'Pantry Staples'),
    (177, 'Cocoa Powder', 'g', 'Pantry Staples'),
    (178, 'Chocolate Chips Dark', 'g', 'Pantry Staples'),
    (179, 'Chocolate Chips Milk', 'g', 'Pantry Staples'),
    (180, 'Peanut Butter Creamy', 'g', 'Pantry Staples'),
    (181, 'Peanut Butter Crunchy', 'g', 'Pantry Staples'),
    (182, 'Almond Butter', 'g', 'Pantry Staples'),
    (183, 'Cashew Butter', 'g', 'Pantry Staples'),
    (184, 'Tahini', 'g', 'Pantry Staples'),
    (185, 'Sunflower Seed Butter', 'g', 'Pantry Staples'),
    (186, 'Maple Syrup', 'ml', 'Pantry Staples'),
    (187, 'Honey', 'ml', 'Pantry Staples'),
    (188, 'Molasses', 'ml', 'Pantry Staples'),
    (189, 'Agave Syrup', 'ml', 'Pantry Staples'),
    (190, 'Vanilla Extract', 'ml', 'Pantry Staples'),
    (191, 'Chia Seeds', 'g', 'Pantry Staples'),
    (192, 'Flax Seeds', 'g', 'Pantry Staples'),
    (193, 'Pumpkin Seeds', 'g', 'Pantry Staples'),
    (194, 'Walnuts', 'g', 'Pantry Staples'),
    (195, 'Almonds', 'g', 'Pantry Staples'),
    (196, 'Pecans', 'g', 'Pantry Staples'),
    (197, 'Hazelnuts', 'g', 'Pantry Staples'),
    (198, 'Macadamia Nuts', 'g', 'Pantry Staples'),
    (199, 'Pistachios', 'g', 'Pantry Staples'),
    (200, 'Spaghetti Pasta', 'g', 'Grains & Pasta'),
    (201, 'Penne Pasta', 'g', 'Grains & Pasta'),
    (202, 'Rigatoni Pasta', 'g', 'Grains & Pasta'),
    (203, 'Fusilli Pasta', 'g', 'Grains & Pasta'),
    (204, 'Farfalle Pasta', 'g', 'Grains & Pasta'),
    (205, 'Orzo Pasta', 'g', 'Grains & Pasta'),
    (206, 'Lasagna Sheets', 'g', 'Grains & Pasta'),
    (207, 'Linguine Pasta', 'g', 'Grains & Pasta'),
    (208, 'Angel Hair Pasta', 'g', 'Grains & Pasta'),
    (209, 'Rice Basmati', 'g', 'Grains & Pasta'),
    (210, 'Rice Jasmine', 'g', 'Grains & Pasta'),
    (211, 'Rice Arborio', 'g', 'Grains & Pasta'),
    (212, 'Brown Rice', 'g', 'Grains & Pasta'),
    (213, 'Wild Rice Blend', 'g', 'Grains & Pasta'),
    (214, 'Quinoa Tri-Color', 'g', 'Grains & Pasta'),
    (215, 'Couscous Pearl', 'g', 'Grains & Pasta'),
    (216, 'Bulgur Wheat', 'g', 'Grains & Pasta'),
    (217, 'Farro', 'g', 'Grains & Pasta'),
    (218, 'Barley Pearled', 'g', 'Grains & Pasta'),
    (219, 'Polenta', 'g', 'Grains & Pasta'),
    (220, 'Udon Noodles', 'g', 'Grains & Pasta'),
    (221, 'Soba Noodles', 'g', 'Grains & Pasta'),
    (222, 'Rice Vermicelli', 'g', 'Grains & Pasta'),
    (223, 'Ramen Noodles', 'g', 'Grains & Pasta'),
    (224, 'Tortillas Flour', 'pcs', 'Grains & Pasta'),
    (225, 'Tortillas Corn', 'pcs', 'Grains & Pasta'),
    (226, 'Pita Bread', 'pcs', 'Grains & Pasta'),
    (227, 'Naan Bread', 'pcs', 'Grains & Pasta'),
    (228, 'Sourdough Bread', 'pcs', 'Grains & Pasta'),
    (229, 'Kosher Salt', 'g', 'Spices & Herbs'),
    (230, 'Sea Salt Flakes', 'g', 'Spices & Herbs'),
    (231, 'Black Peppercorns', 'g', 'Spices & Herbs'),
    (232, 'Ground Black Pepper', 'g', 'Spices & Herbs'),
    (233, 'White Pepper', 'g', 'Spices & Herbs'),
    (234, 'Smoked Paprika', 'g', 'Spices & Herbs'),
    (235, 'Sweet Paprika', 'g', 'Spices & Herbs'),
    (236, 'Ground Cumin', 'g', 'Spices & Herbs'),
    (237, 'Ground Coriander', 'g', 'Spices & Herbs'),
    (238, 'Turmeric Powder', 'g', 'Spices & Herbs'),
    (239, 'Curry Powder', 'g', 'Spices & Herbs'),
    (240, 'Chili Powder', 'g', 'Spices & Herbs'),
    (241, 'Garam Masala', 'g', 'Spices & Herbs'),
    (242, 'Italian Seasoning', 'g', 'Spices & Herbs'),
    (243, 'Dried Basil', 'g', 'Spices & Herbs'),
    (244, 'Dried Oregano', 'g', 'Spices & Herbs'),
    (245, 'Dried Thyme', 'g', 'Spices & Herbs'),
    (246, 'Dried Rosemary', 'g', 'Spices & Herbs'),
    (247, 'Dried Sage', 'g', 'Spices & Herbs'),
    (248, 'Crushed Red Pepper', 'g', 'Spices & Herbs'),
    (249, 'Chinese Five Spice', 'g', 'Spices & Herbs'),
    (250, 'Cayenne Pepper', 'g', 'Spices & Herbs'),
    (251, 'Ground Ginger', 'g', 'Spices & Herbs'),
    (252, 'Ground Cinnamon', 'g', 'Spices & Herbs'),
    (253, 'Cinnamon Sticks', 'g', 'Spices & Herbs'),
    (254, 'Ground Nutmeg', 'g', 'Spices & Herbs'),
    (255, 'Ground Cloves', 'g', 'Spices & Herbs'),
    (256, 'Cardamom Pods', 'g', 'Spices & Herbs'),
    (257, 'Bay Leaves', 'g', 'Spices & Herbs'),
    (258, 'Ground Allspice', 'g', 'Spices & Herbs'),
    (259, 'Sesame Seeds', 'g', 'Spices & Herbs'),
    (260, 'Crushed Tomatoes', 'g', 'Canned & Jarred'),
    (261, 'Diced Tomatoes', 'g', 'Canned & Jarred'),
    (262, 'Tomato Sauce', 'ml', 'Canned & Jarred'),
    (263, 'Tomato Paste', 'g', 'Canned & Jarred'),
    (264, 'Fire Roasted Tomatoes', 'g', 'Canned & Jarred'),
    (265, 'Coconut Milk', 'ml', 'Canned & Jarred'),
    (266, 'Light Coconut Milk', 'ml', 'Canned & Jarred'),
    (267, 'Evaporated Milk', 'ml', 'Canned & Jarred'),
    (268, 'Sweetened Condensed Milk', 'ml', 'Canned & Jarred'),
    (269, 'Pumpkin Puree', 'g', 'Canned & Jarred'),
    (270, 'Black Beans Canned', 'g', 'Canned & Jarred'),
    (271, 'Kidney Beans Canned', 'g', 'Canned & Jarred'),
    (272, 'Chickpeas Canned', 'g', 'Canned & Jarred'),
    (273, 'Cannellini Beans Canned', 'g', 'Canned & Jarred'),
    (274, 'Corn Kernels', 'g', 'Canned & Jarred'),
    (275, 'Green Peas Canned', 'g', 'Canned & Jarred'),
    (276, 'Artichoke Hearts', 'g', 'Canned & Jarred'),
    (277, 'Hearts of Palm', 'g', 'Canned & Jarred'),
    (278, 'Roasted Red Peppers', 'g', 'Canned & Jarred'),
    (279, 'Olives Kalamata', 'g', 'Canned & Jarred'),
    (280, 'Olives Castelvetrano', 'g', 'Canned & Jarred'),
    (281, 'Pickled Jalapenos', 'g', 'Canned & Jarred'),
    (282, 'Salsa Verde Jar', 'ml', 'Canned & Jarred'),
    (283, 'Marinara Sauce', 'ml', 'Canned & Jarred'),
    (284, 'Arrabbiata Sauce', 'ml', 'Canned & Jarred'),
    (285, 'Pesto Sauce', 'g', 'Canned & Jarred'),
    (286, 'Sun-Dried Tomatoes', 'g', 'Canned & Jarred'),
    (287, 'Capers', 'g', 'Canned & Jarred'),
    (288, 'Anchovy Fillets', 'g', 'Canned & Jarred'),
    (289, 'Chicken Broth', 'ml', 'Canned & Jarred'),
    (290, 'Vegetable Broth', 'ml', 'Canned & Jarred'),
    (291, 'Beef Broth', 'ml', 'Canned & Jarred'),
    (292, 'Frozen Peas', 'g', 'Frozen'),
    (293, 'Frozen Corn', 'g', 'Frozen'),
    (294, 'Frozen Spinach', 'g', 'Frozen'),
    (295, 'Frozen Broccoli', 'g', 'Frozen'),
    (296, 'Frozen Cauliflower Rice', 'g', 'Frozen'),
    (297, 'Frozen Mixed Berries', 'g', 'Frozen'),
    (298, 'Frozen Mango Chunks', 'g', 'Frozen'),
    (299, 'Frozen Pineapple', 'g', 'Frozen'),
    (300, 'Frozen Strawberries', 'g', 'Frozen'),
    (301, 'Frozen Blueberries', 'g', 'Frozen'),
    (302, 'Frozen Waffles', 'pcs', 'Frozen'),
    (303, 'Frozen Fries', 'g', 'Frozen'),
    (304, 'Frozen Edamame', 'g', 'Frozen'),
    (305, 'Frozen Meatballs', 'g', 'Frozen'),
    (306, 'Frozen Chicken Nuggets', 'g', 'Frozen'),
    (307, 'Frozen Pizza Dough', 'g', 'Frozen'),
    (308, 'Frozen Puff Pastry', 'g', 'Frozen'),
    (309, 'Frozen Pie Crust', 'g', 'Frozen'),
    (310, 'Frozen Shrimp', 'g', 'Frozen'),
    (311, 'Frozen Fish Sticks', 'g', 'Frozen'),
    (312, 'Extra Virgin Olive Oil', 'ml', 'Condiments & Oils'),
    (313, 'Avocado Oil', 'ml', 'Condiments & Oils'),
    (314, 'Canola Oil', 'ml', 'Condiments & Oils'),
    (315, 'Sesame Oil', 'ml', 'Condiments & Oils'),
    (316, 'Vegetable Oil', 'ml', 'Condiments & Oils'),
    (317, 'Grapeseed Oil', 'ml', 'Condiments & Oils'),
    (318, 'Balsamic Vinegar', 'ml', 'Condiments & Oils'),
    (319, 'Apple Cider Vinegar', 'ml', 'Condiments & Oils'),
    (320, 'Rice Vinegar', 'ml', 'Condiments & Oils'),
    (321, 'Red Wine Vinegar', 'ml', 'Condiments & Oils'),
    (322, 'White Wine Vinegar', 'ml', 'Condiments & Oils'),
    (323, 'Soy Sauce', 'ml', 'Condiments & Oils'),
    (324, 'Tamari Sauce', 'ml', 'Condiments & Oils'),
    (325, 'Fish Sauce', 'ml', 'Condiments & Oils'),
    (326, 'Worcestershire Sauce', 'ml', 'Condiments & Oils'),
    (327, 'Dijon Mustard', 'g', 'Condiments & Oils'),
    (328, 'Whole Grain Mustard', 'g', 'Condiments & Oils'),
    (329, 'Ketchup', 'g', 'Condiments & Oils'),
    (330, 'Mayonnaise', 'g', 'Condiments & Oils'),
    (331, 'Sriracha', 'g', 'Condiments & Oils'),
    (332, 'Barbecue Sauce', 'g', 'Condiments & Oils'),
    (333, 'Hot Sauce', 'g', 'Condiments & Oils'),
    (334, 'Hoisin Sauce', 'g', 'Condiments & Oils'),
    (335, 'Teriyaki Sauce', 'ml', 'Condiments & Oils'),
    (336, 'Mirin', 'ml', 'Condiments & Oils'),
    (337, 'White Miso Paste', 'g', 'Condiments & Oils'),
    (338, 'Harissa Paste', 'g', 'Condiments & Oils'),
    (339, 'Chili Crisp', 'g', 'Condiments & Oils'),
    (340, 'Pomegranate Molasses', 'ml', 'Condiments & Oils'),
    (341, 'Tahini Sauce', 'g', 'Condiments & Oils');

INSERT INTO Inventory (ingredient_id, quantity, unit, expires_at, updated_at) VALUES
    (328, 505, 'g', NULL, '2025-11-03 20:39:19'),
    (58, 5, 'pcs', '2025-11-16', '2025-11-08 20:39:19'),
    (13, 906.7, 'g', '2025-11-19', '2025-11-06 20:39:19'),
    (141, 722.3, 'g', '2025-12-05', '2025-11-04 20:39:19'),
    (126, 407, 'ml', '2025-11-23', '2025-11-08 20:39:19'),
    (115, 617.5, 'g', '2025-11-28', '2025-11-10 20:39:19'),
    (72, 2, 'pcs', '2025-12-09', '2025-11-08 20:39:19'),
    (53, 234, 'g', '2025-12-02', '2025-11-04 20:39:19'),
    (280, 735.9, 'g', NULL, '2025-11-04 20:39:19'),
    (45, 735.3, 'g', '2025-11-24', '2025-11-03 20:39:19'),
    (303, 658.5, 'g', NULL, '2025-11-10 20:39:19'),
    (217, 832.3, 'g', NULL, '2025-11-09 20:39:19'),
    (17, 9, 'pcs', '2025-12-03', '2025-11-06 20:39:19'),
    (16, 11, 'pcs', '2025-12-06', '2025-11-05 20:39:19'),
    (48, 5, 'pcs', '2025-11-15', '2025-11-04 20:39:19'),
    (112, 571.8, 'g', '2025-11-17', '2025-11-06 20:39:19'),
    (120, 926.3, 'g', '2025-11-28', '2025-11-09 20:39:19'),
    (259, 1051.1, 'g', NULL, '2025-11-06 20:39:19'),
    (309, 1017.9, 'g', NULL, '2025-11-07 20:39:19'),
    (14, 6, 'pcs', '2025-11-16', '2025-11-08 20:39:19'),
    (288, 670.3, 'g', NULL, '2025-11-10 20:39:19'),
    (102, 553.8, 'ml', '2025-12-01', '2025-11-10 20:39:19'),
    (333, 178.6, 'g', NULL, '2025-11-05 20:39:19'),
    (215, 1060.5, 'g', NULL, '2025-11-06 20:39:19'),
    (113, 116.6, 'g', '2025-11-19', '2025-11-09 20:39:19'),
    (230, 148.5, 'g', NULL, '2025-11-03 20:39:19'),
    (302, 2, 'pcs', NULL, '2025-11-08 20:39:19'),
    (143, 808.7, 'g', '2025-11-16', '2025-11-08 20:39:19'),
    (4, 9, 'pcs', '2025-11-20', '2025-11-04 20:39:19'),
    (82, 1118.3, 'g', '2025-11-18', '2025-11-07 20:39:19'),
    (330, 869.9, 'g', NULL, '2025-11-04 20:39:19'),
    (175, 1194.4, 'g', NULL, '2025-11-05 20:39:19'),
    (314, 713.3, 'ml', NULL, '2025-11-03 20:39:19'),
    (80, 4, 'pcs', '2025-11-15', '2025-11-07 20:39:19'),
    (111, 438.8, 'g', '2025-11-14', '2025-11-07 20:39:19'),
    (173, 726.7, 'g', NULL, '2025-11-10 20:39:19'),
    (334, 131.6, 'g', NULL, '2025-11-10 20:39:19'),
    (327, 313.3, 'g', NULL, '2025-11-10 20:39:19'),
    (195, 1038.6, 'g', NULL, '2025-11-09 20:39:19'),
    (50, 323.7, 'g', '2025-11-28', '2025-11-03 20:39:19'),
    (184, 296.4, 'g', NULL, '2025-11-08 20:39:19'),
    (177, 881.9, 'g', NULL, '2025-11-03 20:39:19'),
    (136, 952.3, 'g', '2025-11-19', '2025-11-04 20:39:19'),
    (23, 158.5, 'g', '2025-11-18', '2025-11-04 20:39:19'),
    (236, 457.4, 'g', NULL, '2025-11-04 20:39:19'),
    (275, 587.1, 'g', NULL, '2025-11-10 20:39:19'),
    (64, 11, 'pcs', '2025-12-03', '2025-11-09 20:39:19'),
    (194, 119.7, 'g', NULL, '2025-11-05 20:39:19'),
    (41, 2, 'pcs', '2025-12-07', '2025-11-07 20:39:19'),
    (283, 368.2, 'ml', NULL, '2025-11-03 20:39:19'),
    (151, 535.2, 'g', '2025-11-16', '2025-11-06 20:39:19'),
    (186, 747.7, 'ml', NULL, '2025-11-09 20:39:19'),
    (99, 979.2, 'g', '2025-11-26', '2025-11-09 20:39:19'),
    (36, 11, 'pcs', '2025-11-13', '2025-11-10 20:39:19'),
    (24, 1115.3, 'g', '2025-11-14', '2025-11-07 20:39:19'),
    (117, 517.4, 'g', '2025-11-17', '2025-11-03 20:39:19'),
    (149, 1044.3, 'g', '2025-11-18', '2025-11-10 20:39:19'),
    (293, 239.3, 'g', NULL, '2025-11-10 20:39:19'),
    (325, 1479.4, 'ml', NULL, '2025-11-06 20:39:19'),
    (52, 952.9, 'g', '2025-12-07', '2025-11-06 20:39:19'),
    (331, 536.5, 'g', NULL, '2025-11-03 20:39:19'),
    (323, 316.7, 'ml', NULL, '2025-11-06 20:39:19'),
    (233, 300.4, 'g', NULL, '2025-11-10 20:39:19'),
    (187, 910.9, 'ml', NULL, '2025-11-10 20:39:19'),
    (84, 6, 'pcs', '2025-12-05', '2025-11-10 20:39:19'),
    (190, 170.2, 'ml', NULL, '2025-11-03 20:39:19'),
    (182, 628.3, 'g', NULL, '2025-11-08 20:39:19'),
    (108, 1154.9, 'g', '2025-11-13', '2025-11-09 20:39:19'),
    (137, 263.7, 'g', '2025-12-09', '2025-11-09 20:39:19'),
    (37, 4, 'pcs', '2025-12-03', '2025-11-04 20:39:19'),
    (88, 10, 'pcs', '2025-11-15', '2025-11-07 20:39:19'),
    (337, 715.8, 'g', NULL, '2025-11-10 20:39:19'),
    (277, 762.3, 'g', NULL, '2025-11-04 20:39:19'),
    (237, 806, 'g', NULL, '2025-11-05 20:39:19'),
    (281, 1124.9, 'g', NULL, '2025-11-07 20:39:19'),
    (139, 873.6, 'g', '2025-12-03', '2025-11-07 20:39:19'),
    (317, 471.9, 'ml', NULL, '2025-11-08 20:39:19'),
    (167, 822.4, 'g', NULL, '2025-11-06 20:39:19'),
    (29, 6, 'pcs', '2025-11-26', '2025-11-09 20:39:19'),
    (118, 577, 'g', '2025-11-12', '2025-11-09 20:39:19'),
    (329, 134.2, 'g', NULL, '2025-11-07 20:39:19'),
    (162, 631.8, 'g', NULL, '2025-11-08 20:39:19'),
    (206, 1123.2, 'g', NULL, '2025-11-09 20:39:19'),
    (138, 330.9, 'g', '2025-12-10', '2025-11-06 20:39:19'),
    (34, 8, 'pcs', '2025-11-17', '2025-11-06 20:39:19'),
    (109, 1181.4, 'g', '2025-12-01', '2025-11-10 20:39:19'),
    (234, 818, 'g', NULL, '2025-11-06 20:39:19'),
    (242, 1121.5, 'g', NULL, '2025-11-09 20:39:19'),
    (146, 204.4, 'g', '2025-12-10', '2025-11-09 20:39:19'),
    (225, 2, 'pcs', NULL, '2025-11-08 20:39:19'),
    (301, 363.2, 'g', NULL, '2025-11-07 20:39:19'),
    (81, 6, 'pcs', '2025-12-04', '2025-11-07 20:39:19'),
    (55, 779.4, 'g', '2025-12-03', '2025-11-06 20:39:19'),
    (168, 631.2, 'g', NULL, '2025-11-06 20:39:19'),
    (128, 1094.4, 'g', '2025-12-10', '2025-11-10 20:39:19');

INSERT INTO ShoppingItems (id, ingredient_id, quantity, unit, status, notes, created_at) VALUES
    (1, 48, 6, 'pcs', 'pending', 'Organic preferred', '2025-11-07 20:39:19'),
    (2, 325, 595.2, 'ml', 'skipped', NULL, '2025-11-04 20:39:19'),
    (3, 217, 911.9, 'g', 'pending', NULL, '2025-11-08 20:39:19'),
    (4, 142, 982.4, 'g', 'bought', NULL, '2025-11-10 20:39:19'),
    (5, 23, 949.7, 'g', 'bought', 'Buy ripe but firm', '2025-11-07 20:39:19'),
    (6, 2, 7, 'pcs', 'pending', 'Organic preferred', '2025-11-03 20:39:19'),
    (7, 171, 452.1, 'g', 'pending', 'Substitute if unavailable', '2025-11-07 20:39:19'),
    (8, 67, 508.2, 'g', 'pending', 'Check for discounts', '2025-11-09 20:39:19'),
    (9, 327, 371, 'g', 'skipped', NULL, '2025-11-04 20:39:19'),
    (10, 135, 1020.2, 'g', 'pending', NULL, '2025-11-10 20:39:19'),
    (11, 83, 255.4, 'g', 'pending', 'Buy ripe but firm', '2025-11-10 20:39:19'),
    (12, 227, 6, 'pcs', 'pending', 'Substitute if unavailable', '2025-11-04 20:39:19'),
    (13, 283, 816, 'ml', 'bought', NULL, '2025-11-07 20:39:19'),
    (14, 219, 51.9, 'g', 'skipped', 'Substitute if unavailable', '2025-11-07 20:39:19'),
    (15, 288, 1141.2, 'g', 'pending', 'Organic preferred', '2025-11-05 20:39:19'),
    (16, 5, 2, 'pcs', 'pending', NULL, '2025-11-06 20:39:19'),
    (17, 58, 6, 'pcs', 'bought', NULL, '2025-11-06 20:39:19'),
    (18, 39, 4, 'pcs', 'bought', NULL, '2025-11-04 20:39:19'),
    (19, 77, 3, 'pcs', 'skipped', NULL, '2025-11-06 20:39:19'),
    (20, 280, 399.5, 'g', 'pending', 'Organic preferred', '2025-11-04 20:39:19'),
    (21, 19, 10, 'pcs', 'pending', NULL, '2025-11-03 20:39:19'),
    (22, 190, 815.6, 'ml', 'pending', 'Check for discounts', '2025-11-09 20:39:19'),
    (23, 299, 435.5, 'g', 'pending', 'Large size if possible', '2025-11-06 20:39:19'),
    (24, 76, 3, 'pcs', 'pending', 'Check for discounts', '2025-11-10 20:39:19'),
    (25, 221, 753, 'g', 'pending', 'Substitute if unavailable', '2025-11-03 20:39:19'),
    (26, 66, 4, 'pcs', 'bought', 'Large size if possible', '2025-11-03 20:39:19'),
    (27, 22, 11, 'pcs', 'pending', 'Check for discounts', '2025-11-09 20:39:19'),
    (28, 158, 301.7, 'g', 'skipped', NULL, '2025-11-03 20:39:19');

INSERT INTO Recipes (id, name, description, instructions, cuisine, created_at, favorite) VALUES
    (1, 'Classic Margherita Pizza', 'Chewy crust topped with garlicky marinara, mozzarella, and fresh basil.', 'Preheat oven to 250°C. Stretch dough, spread sauce, top with cheese and basil, bake 10 minutes until blistered.', 'Italian', '2025-10-09 20:39:19', 1),
    (2, 'Creamy Mushroom Risotto', 'Arborio rice slowly cooked with broth, white wine, and sautéed mushrooms.', 'Sauté mushrooms, toast rice with aromatics, ladle warm broth while stirring until creamy, finish with butter and cheese.', 'Italian', '2025-06-01 20:39:19', 1),
    (3, 'Spicy Chickpea Stew', 'Hearty tomato-based stew with chickpeas, greens, and warming spices.', 'Bloom spices in oil, add aromatics, tomatoes, coconut milk, and chickpeas. Simmer 20 minutes, fold in greens.', 'Middle Eastern', '2025-08-19 20:39:19', 0),
    (4, 'Lemon Herb Roast Chicken', 'Bone-in chicken roasted with lemon, garlic, and rosemary over potatoes.', 'Marinate chicken with oil, lemon, garlic, and herbs. Roast atop potatoes until skin is crisp and meat juicy.', 'Mediterranean', '2025-09-20 20:39:19', 1),
    (5, 'Veggie Stir Fry', 'Colorful vegetables seared hot and tossed with a ginger garlic sauce.', 'Stir fry vegetables in batches, whisk sauce with soy, ginger, and garlic, toss together and serve over rice.', 'Asian', '2025-06-27 20:39:19', 0),
    (6, 'Avocado Kale Salad', 'Massaged kale tossed with creamy avocado, crunchy seeds, and lemon mustard dressing.', 'Massage kale with lemon and oil, fold in vegetables, avocado, seeds, and drizzle honey mustard vinaigrette.', 'American', '2025-09-17 20:39:19', 0),
    (7, 'Weeknight Beef Tacos', 'Seasoned ground beef tucked into warm tortillas with crisp toppings.', 'Brown beef with spices and aromatics, warm tortillas, assemble with toppings and serve immediately.', 'Mexican', '2025-06-25 20:39:19', 1),
    (8, 'Thai Coconut Veggie Curry', 'Velvety coconut curry loaded with chicken, colorful vegetables, and herbs.', 'Sauté aromatics, add curry spices, simmer coconut milk with vegetables and chicken until tender, finish with lime.', 'Thai', '2025-05-04 20:39:19', 0),
    (9, 'Garlic Butter Shrimp Pasta', 'Tender spaghetti coated in garlicky butter sauce with juicy shrimp.', 'Cook pasta, sear shrimp with butter and garlic, toss together with lemon juice and parsley.', 'Italian', '2025-06-08 20:39:19', 1),
    (10, 'Quinoa Buddha Bowl', 'Roasted vegetables, crispy chickpeas, and greens over fluffy quinoa.', 'Roast sweet potatoes and broccoli, crisp chickpeas, assemble bowl with quinoa, greens, and tahini drizzle.', 'Fusion', '2025-05-31 20:39:19', 0),
    (11, 'Banana Oat Pancakes', 'Naturally sweet pancakes blended from oats, banana, and almond milk.', 'Blend batter until smooth, cook on greased skillet until golden, serve with maple syrup.', 'Breakfast', '2025-05-22 20:39:19', 0),
    (12, 'Caprese Pasta Salad', 'Chilled fusilli with tomatoes, mozzarella, basil, and balsamic glaze.', 'Cook pasta al dente, toss with tomatoes, cheese, greens, and vinaigrette, chill before serving.', 'Italian', '2025-08-01 20:39:19', 0),
    (13, 'Mediterranean Farro Bowl', 'Nutty farro tossed with crunchy vegetables, feta, and lemon dressing.', 'Simmer farro until tender, fold in chopped vegetables and vinaigrette, top with feta.', 'Mediterranean', '2025-06-30 20:39:19', 0),
    (14, 'Hearty Lentil Soup', 'Comforting bowl of lentils simmered with vegetables and herbs.', 'Sweat aromatics, add lentils and tomatoes, cover with broth and simmer until tender.', 'Middle Eastern', '2025-05-18 20:39:19', 1),
    (15, 'Shakshuka', 'Eggs poached in spicy tomato pepper sauce.', 'Cook peppers with onions and spices, add tomatoes, simmer, crack eggs and bake until set.', 'Middle Eastern', '2025-06-14 20:39:19', 1),
    (16, 'BBQ Pulled Chicken Sandwiches', 'Slow-simmered chicken mixed with tangy barbecue sauce on toasted bread.', 'Cook chicken with sauce and aromatics until shreddable, pile onto butter-toasted sourdough.', 'American', '2025-07-04 20:39:19', 0),
    (17, 'Teriyaki Salmon Rice Bowl', 'Glazed salmon served over jasmine rice with broccoli and sesame.', 'Reduce teriyaki sauce, roast salmon, steam rice and broccoli, assemble with sesame garnish.', 'Japanese', '2025-06-03 20:39:19', 1),
    (18, 'Pesto Zoodle Bowl', 'Light zucchini noodles tossed with pesto and burst tomatoes.', 'Spiralize zucchini, quickly sauté, toss with pesto and warm tomatoes, garnish with basil.', 'Italian', '2025-06-29 20:39:19', 0),
    (19, 'Garden Veggie Omelette', 'Fluffy omelette packed with spinach, peppers, mushrooms, and cheddar.', 'Sauté vegetables, whisk eggs with milk, cook gently, fold with cheese.', 'Breakfast', '2025-09-11 20:39:19', 0),
    (20, 'Falafel Pita Wrap', 'Crispy baked falafel tucked into warm pita with tahini sauce.', 'Soak chickpeas, blend with herbs and aromatics, bake or fry, assemble wrap with veggies.', 'Middle Eastern', '2025-06-22 20:39:19', 1),
    (21, 'Butternut Squash Bisque', 'Silky roasted squash soup finished with coconut milk and herbs.', 'Roast squash with aromatics, simmer with broth and coconut milk, blend until smooth.', 'American', '2025-06-28 20:39:19', 0),
    (22, 'Greek Yogurt Berry Parfait', 'Layered yogurt, berries, nuts, and honey for a quick breakfast.', 'Layer yogurt with thawed berries, drizzle honey, sprinkle nuts and seeds.', 'Breakfast', '2025-08-16 20:39:19', 0),
    (23, 'Tofu Miso Ramen', 'Comforting ramen bowl with seared tofu, miso broth, and greens.', 'Simmer broth with aromatics and miso, cook noodles, sear tofu, assemble bowls with toppings.', 'Japanese', '2025-08-19 20:39:19', 0),
    (24, 'Chewy Chocolate Chip Cookies', 'Bakery-style cookies with crisp edges and gooey centers.', 'Cream butter with sugars, fold in dry ingredients, chill dough, bake until golden.', 'Dessert', '2025-05-11 20:39:19', 1),
    (25, 'Overnight Blueberry Oats', 'No-cook oats soaked overnight with almond milk and blueberries.', 'Combine oats with milk, seeds, sweetener, rest overnight, top with fruit in morning.', 'Breakfast', '2025-08-12 20:39:19', 0),
    (26, 'Stuffed Bell Peppers', 'Peppers filled with flavorful turkey, rice, beans, and cheese.', 'Par-bake peppers, cook filling with turkey and rice, stuff, top with cheese, bake until bubbly.', 'American', '2025-06-10 20:39:19', 0),
    (27, 'Eggplant Parmesan Bake', 'Layered breaded eggplant with marinara, basil, and melted cheese.', 'Bread eggplant slices, fry or bake, layer with sauce and cheese, bake until bubbling.', 'Italian', '2025-06-19 20:39:19', 1),
    (28, 'Baja Shrimp Tacos', 'Spiced shrimp with crunchy slaw, avocado, and creamy sauce.', 'Season and sear shrimp, build tacos with slaw, avocado, crema, and pickled jalapeños.', 'Mexican', '2025-05-14 20:39:19', 1);

INSERT INTO RecipeIngredients (recipe_id, ingredient_id, quantity, unit, optional) VALUES
    (1, 307, 350, 'g', 0),
    (1, 283, 120, 'ml', 0),
    (1, 112, 180, 'g', 0),
    (1, 113, 20, 'g', 0),
    (1, 49, 15, 'g', 0),
    (1, 312, 10, 'ml', 0),
    (1, 41, 1, 'pcs', 1),
    (2, 211, 320, 'g', 0),
    (2, 289, 900, 'ml', 0),
    (2, 9, 0.5, 'pcs', 0),
    (2, 41, 2, 'pcs', 0),
    (2, 39, 200, 'g', 0),
    (2, 40, 120, 'g', 0),
    (2, 119, 40, 'g', 0),
    (2, 113, 40, 'g', 0),
    (2, 312, 15, 'ml', 0),
    (2, 322, 15, 'ml', 1),
    (2, 51, 10, 'g', 1),
    (3, 272, 480, 'g', 0),
    (3, 260, 400, 'g', 0),
    (3, 265, 200, 'ml', 0),
    (3, 7, 0.5, 'pcs', 0),
    (3, 41, 3, 'pcs', 0),
    (3, 43, 20, 'g', 0),
    (3, 234, 5, 'g', 0),
    (3, 236, 6, 'g', 0),
    (3, 238, 4, 'g', 0),
    (3, 11, 100, 'g', 0),
    (3, 50, 10, 'g', 1),
    (3, 59, 0.5, 'pcs', 1),
    (4, 128, 800, 'g', 0),
    (4, 20, 4, 'pcs', 0),
    (4, 41, 4, 'pcs', 0),
    (4, 59, 1, 'pcs', 0),
    (4, 54, 5, 'g', 0),
    (4, 55, 5, 'g', 0),
    (4, 312, 30, 'ml', 0),
    (4, 229, 6, 'g', 0),
    (4, 232, 4, 'g', 0),
    (5, 23, 150, 'g', 0),
    (5, 25, 1, 'pcs', 0),
    (5, 17, 1, 'pcs', 0),
    (5, 83, 120, 'g', 0),
    (6, 12, 120, 'g', 0),
    (6, 44, 1, 'pcs', 0),
    (6, 2, 8, 'pcs', 0),
    (6, 4, 0.5, 'pcs', 0),
    (6, 193, 20, 'g', 0),
    (6, 51, 8, 'g', 1),
    (6, 312, 20, 'ml', 0),
    (6, 59, 0.5, 'pcs', 0),
    (6, 327, 8, 'g', 0),
    (6, 187, 10, 'ml', 0),
    (7, 131, 450, 'g', 0),
    (7, 8, 0.5, 'pcs', 0),
    (7, 41, 3, 'pcs', 0),
    (7, 240, 8, 'g', 0),
    (7, 236, 6, 'g', 0),
    (7, 234, 4, 'g', 0),
    (7, 225, 8, 'pcs', 0),
    (7, 111, 100, 'g', 0),
    (7, 16, 0.25, 'pcs', 1),
    (7, 282, 60, 'ml', 0),
    (7, 109, 60, 'g', 1),
    (7, 60, 1, 'pcs', 1),
    (8, 127, 400, 'g', 0),
    (8, 25, 1, 'pcs', 0),
    (8, 17, 1, 'pcs', 0),
    (8, 23, 120, 'g', 0),
    (8, 265, 400, 'ml', 0),
    (8, 7, 0.5, 'pcs', 0),
    (8, 41, 3, 'pcs', 0),
    (8, 43, 15, 'g', 0),
    (8, 239, 8, 'g', 0),
    (8, 325, 10, 'ml', 0),
    (8, 60, 1, 'pcs', 0),
    (8, 50, 10, 'g', 1),
    (8, 210, 200, 'g', 0),
    (9, 200, 300, 'g', 0),
    (9, 141, 300, 'g', 0),
    (9, 119, 60, 'g', 0),
    (9, 41, 4, 'pcs', 0),
    (9, 59, 1, 'pcs', 0),
    (9, 51, 12, 'g', 0),
    (9, 113, 30, 'g', 0),
    (9, 248, 2, 'g', 1),
    (10, 214, 200, 'g', 0),
    (10, 272, 240, 'g', 0),
    (10, 21, 1, 'pcs', 0),
    (10, 23, 120, 'g', 0),
    (10, 11, 80, 'g', 0),
    (10, 44, 1, 'pcs', 0),
    (10, 341, 40, 'g', 0),
    (10, 59, 0.5, 'pcs', 0),
    (10, 234, 3, 'g', 1),
    (11, 65, 2, 'pcs', 0),
    (11, 174, 140, 'g', 0),
    (11, 102, 240, 'ml', 0),
    (11, 122, 2, 'pcs', 0),
    (11, 168, 6, 'g', 0),
    (11, 186, 40, 'ml', 1),
    (11, 190, 5, 'ml', 0),
    (11, 253, 2, 'g', 1),
    (12, 203, 250, 'g', 0),
    (12, 2, 12, 'pcs', 0),
    (12, 112, 150, 'g', 0),
    (12, 49, 15, 'g', 0),
    (12, 11, 50, 'g', 1),
    (12, 312, 30, 'ml', 0),
    (12, 318, 15, 'ml', 0),
    (12, 229, 4, 'g', 0),
    (13, 217, 220, 'g', 0),
    (13, 4, 0.5, 'pcs', 0),
    (13, 2, 10, 'pcs', 0),
    (13, 279, 60, 'g', 0),
    (13, 114, 80, 'g', 0),
    (13, 7, 0.25, 'pcs', 0),
    (13, 51, 10, 'g', 0),
    (13, 59, 0.5, 'pcs', 0),
    (13, 312, 25, 'ml', 0),
    (14, 148, 220, 'g', 0),
    (14, 17, 1, 'pcs', 0),
    (14, 58, 1, 'pcs', 0),
    (14, 8, 0.5, 'pcs', 0),
    (14, 41, 3, 'pcs', 0),
    (14, 260, 200, 'g', 0),
    (14, 290, 900, 'ml', 0),
    (14, 55, 5, 'g', 0),
    (14, 257, 2, 'g', 0),
    (14, 229, 5, 'g', 0),
    (14, 312, 20, 'ml', 0),
    (15, 261, 400, 'g', 0),
    (15, 25, 1, 'pcs', 0),
    (15, 8, 0.5, 'pcs', 0),
    (15, 41, 3, 'pcs', 0),
    (15, 234, 6, 'g', 0),
    (15, 236, 5, 'g', 0),
    (15, 250, 2, 'g', 1),
    (15, 312, 20, 'ml', 0),
    (15, 122, 4, 'pcs', 0),
    (15, 50, 8, 'g', 1),
    (16, 127, 500, 'g', 0),
    (16, 332, 200, 'g', 0),
    (16, 8, 0.5, 'pcs', 0),
    (16, 41, 3, 'pcs', 0),
    (16, 166, 20, 'g', 0),
    (16, 319, 20, 'ml', 0),
    (16, 120, 20, 'g', 0),
    (16, 228, 4, 'pcs', 0),
    (17, 140, 400, 'g', 0),
    (17, 323, 60, 'ml', 0),
    (17, 187, 30, 'ml', 0),
    (17, 41, 2, 'pcs', 0),
    (17, 43, 15, 'g', 0),
    (17, 315, 15, 'ml', 0),
    (17, 210, 220, 'g', 0),
    (17, 23, 150, 'g', 0),
    (17, 259, 8, 'g', 0),
    (18, 29, 2, 'pcs', 0),
    (18, 285, 90, 'g', 0),
    (18, 2, 10, 'pcs', 0),
    (18, 113, 25, 'g', 0),
    (18, 49, 10, 'g', 0),
    (18, 312, 15, 'ml', 0),
    (18, 41, 2, 'pcs', 0),
    (19, 122, 3, 'pcs', 0),
    (19, 100, 40, 'ml', 0),
    (19, 11, 40, 'g', 0),
    (19, 39, 80, 'g', 0),
    (19, 25, 0.5, 'pcs', 0),
    (19, 111, 60, 'g', 0),
    (19, 57, 1, 'pcs', 0),
    (19, 119, 10, 'g', 0),
    (20, 147, 200, 'g', 0),
    (20, 51, 15, 'g', 0),
    (20, 50, 15, 'g', 0),
    (20, 41, 4, 'pcs', 0),
    (20, 236, 6, 'g', 0),
    (20, 237, 5, 'g', 0),
    (20, 168, 4, 'g', 0),
    (20, 341, 50, 'g', 0),
    (20, 59, 1, 'pcs', 0),
    (20, 226, 4, 'pcs', 0),
    (20, 16, 0.25, 'pcs', 1),
    (21, 32, 1, 'pcs', 0),
    (21, 17, 1, 'pcs', 0),
    (21, 8, 0.5, 'pcs', 0),
    (21, 41, 3, 'pcs', 0),
    (21, 290, 900, 'ml', 0),
    (21, 265, 200, 'ml', 0),
    (21, 56, 5, 'g', 0),
    (21, 55, 4, 'g', 0),
    (21, 312, 20, 'ml', 0),
    (22, 106, 200, 'g', 0),
    (22, 187, 20, 'ml', 0),
    (22, 297, 120, 'g', 0),
    (22, 194, 25, 'g', 0),
    (22, 191, 10, 'g', 0),
    (22, 190, 4, 'ml', 1),
    (23, 223, 2, 'pcs', 0),
    (23, 143, 300, 'g', 0),
    (23, 290, 900, 'ml', 0),
    (23, 323, 40, 'ml', 0),
    (23, 337, 40, 'g', 0),
    (23, 315, 10, 'ml', 0),
    (23, 41, 3, 'pcs', 0),
    (23, 43, 15, 'g', 0),
    (23, 11, 60, 'g', 0),
    (23, 57, 2, 'pcs', 0),
    (23, 259, 6, 'g', 0),
    (24, 160, 260, 'g', 0),
    (24, 166, 150, 'g', 0),
    (24, 165, 100, 'g', 0),
    (24, 119, 150, 'g', 0),
    (24, 122, 2, 'pcs', 0),
    (24, 190, 10, 'ml', 0),
    (24, 169, 6, 'g', 0),
    (24, 178, 200, 'g', 0),
    (24, 229, 4, 'g', 0),
    (25, 174, 90, 'g', 0),
    (25, 102, 240, 'ml', 0),
    (25, 191, 12, 'g', 0),
    (25, 186, 20, 'ml', 0),
    (25, 68, 80, 'g', 0),
    (25, 190, 4, 'ml', 1),
    (25, 106, 60, 'g', 1),
    (26, 25, 4, 'pcs', 0),
    (26, 130, 400, 'g', 0),
    (26, 209, 150, 'g', 0),
    (26, 261, 200, 'g', 0),
    (26, 270, 200, 'g', 0),
    (26, 274, 100, 'g', 0),
    (26, 8, 0.5, 'pcs', 0),
    (26, 41, 3, 'pcs', 0),
    (26, 111, 120, 'g', 0),
    (26, 236, 5, 'g', 0),
    (26, 234, 4, 'g', 0),
    (27, 31, 2, 'pcs', 0),
    (27, 160, 80, 'g', 0),
    (27, 122, 2, 'pcs', 0),
    (27, 172, 120, 'g', 0),
    (27, 283, 300, 'ml', 0),
    (27, 112, 200, 'g', 0),
    (27, 113, 60, 'g', 0),
    (27, 312, 40, 'ml', 0),
    (27, 49, 12, 'g', 0),
    (28, 141, 320, 'g', 0),
    (28, 240, 6, 'g', 0),
    (28, 234, 4, 'g', 0),
    (28, 41, 2, 'pcs', 0),
    (28, 60, 1, 'pcs', 0),
    (28, 225, 8, 'pcs', 0),
    (28, 80, 0.5, 'pcs', 0),
    (28, 44, 1, 'pcs', 0),
    (28, 109, 80, 'g', 0),
    (28, 281, 20, 'g', 1);

INSERT INTO MealPlans (id, recipe_id, scheduled_for, servings) VALUES
    (1, 8, '2025-11-15 20:39:19', 5),
    (2, 3, '2025-11-22 20:39:19', 4),
    (3, 8, '2025-11-15 20:39:19', 4),
    (4, 11, '2025-11-19 20:39:19', 2),
    (5, 5, '2025-11-13 20:39:19', 3),
    (6, 13, '2025-11-22 20:39:19', 3),
    (7, 23, '2025-11-14 20:39:19', 2),
    (8, 14, '2025-11-17 20:39:19', 4),
    (9, 18, '2025-11-18 20:39:19', 5),
    (10, 2, '2025-11-14 20:39:19', 5);

INSERT INTO CookHistory (id, recipe_id, cooked_at, notes) VALUES
    (1, 13, '2025-10-03 20:39:19', 'Try whole wheat pasta next time'),
    (2, 1, '2025-10-04 20:39:19', 'Kids loved it'),
    (3, 16, '2025-11-09 20:39:19', 'Double batch worked great'),
    (4, 10, '2025-10-16 20:39:19', 'Kids loved it'),
    (5, 18, '2025-10-06 20:39:19', 'Serve with salad'),
    (6, 8, '2025-10-09 20:39:19', 'Add more spice next time'),
    (7, 9, '2025-10-13 20:39:19', 'Kids loved it'),
    (8, 1, '2025-10-16 20:39:19', 'Double batch worked great'),
    (9, 22, '2025-09-27 20:39:19', 'Kids loved it'),
    (10, 24, '2025-10-30 20:39:19', 'Kids loved it'),
    (11, 5, '2025-10-01 20:39:19', 'Serve with salad'),
    (12, 1, '2025-10-15 20:39:19', 'Serve with salad'),
    (13, 19, '2025-09-28 20:39:19', 'Family favorite'),
    (14, 3, '2025-09-29 20:39:19', 'Kids loved it');
COMMIT;
